csv_line_id,element_id,thematic_surface,parent_id,element_gml_id,has_holes,related_to,geometry_wkt,construction_gmlid
2,1,room,0,ccb90ca2-7baf-47a8-a5d8-278193cf60ff,,[],,
3,2,party_wall,1,ad8fb13b-5e6c-4d42-8483-8ad2c4d3a971,False,[12],"MULTIPOLYGON Z (((-39.014 22.381 6.657, -39.119 29.884 6.657, -39.119 29.884 3.052, -39.014 22.381 3.052, -39.014 22.381 6.657)))",LayeredConstr_id_0013
4,3,external,1,cf131054-1bb6-4422-9813-61260fcecce7,False,[],"MULTIPOLYGON Z (((-39.119 29.884 6.657, -31.666 29.983 6.657, -31.666 29.983 3.052, -39.119 29.884 3.052, -39.119 29.884 6.657)))",LayeredConstr_id_0119
5,3,external_with_hole,1,cf131054-1bb6-4422-9813-61260fcecce7,True,[],"MULTIPOLYGON Z (((-31.666 29.983000000000004 6.657, -31.666 29.983000000000004 3.052, -39.119 29.884000000000004 3.052, -39.119 29.884000000000004 6.657, -31.666 29.983000000000004 6.657), (-32.120999417301256 29.97695613279045 4.519, -38.96999972379723 29.885979206674374 4.519, -38.96999972379723 29.885979206674374 5.912, -32.120999417301256 29.97695613279045 5.912, -32.120999417301256 29.97695613279045 4.519)))",LayeredConstr_id_0119
6,5,external,1,6def5ba8-b612-4ea6-8ea6-39e4e24c7ef0,False,[],"MULTIPOLYGON Z (((-31.666 29.983 3.052, -31.666 29.983 6.657, -31.513 22.966 6.657, -31.513 22.966 3.052, -31.666 29.983 3.052)))",LayeredConstr_id_0114
7,6,external,1,3155c048-a981-4bee-8c61-426358ed7a1d,False,[],"MULTIPOLYGON Z (((-31.513 22.966 3.052, -31.513 22.966 6.657, -31.502 22.488 6.657, -31.502 22.488 3.052, -31.513 22.966 3.052)))",LayeredConstr_id_0003
8,7,party_wall,1,9d8e4b77-803f-407d-a657-359b85abbc94,False,[23],"MULTIPOLYGON Z (((-31.502 22.488 6.657, -39.014 22.381 6.657, -39.014 22.381 3.052, -31.502 22.488 3.052, -31.502 22.488 6.657)))",LayeredConstr_id_0014
9,7,party_wall_with_hole,1,9d8e4b77-803f-407d-a657-359b85abbc94,True,[23],"MULTIPOLYGON Z (((-39.014 22.381 6.657, -31.502 22.488 6.657, -31.502 22.488 3.052, -39.014 22.381 3.052, -39.014 22.381 6.657), (-34.1779983393098 22.449883410236136 3.771, -34.1779983393098 22.449883410236136 5.841, -33.37599013064709 22.461307116083702 5.841, -33.37599013064709 22.461307116083702 3.771, -34.1779983393098 22.449883410236136 3.771)))",LayeredConstr_id_0014
10,10,ceiling,1,24f36bbb-d594-4cfd-b9e9-bc65776eb5e6,False,[],"MULTIPOLYGON Z (((-39.014 22.381 6.657, -31.502 22.488 6.657, -31.513 22.966 6.657, -31.666 29.983 6.657, -39.119 29.884 6.657, -39.014 22.381 6.657)))",LayeredConstr_id_0108
11,9,floor,1,4a4dfedc-8317-4d1d-9c29-d5534011c4d7,False,[],"MULTIPOLYGON Z (((-39.014 22.381 3.052, -39.119 29.884 3.052, -31.666 29.983 3.052, -31.513 22.966 3.052, -31.502 22.488 3.052, -39.014 22.381 3.052)))",LayeredConstr_id_0109
12,4,window,3,9d97f1c0-a8e2-4a34-991a-09629c26a70c,True,[],"MULTIPOLYGON Z (((-38.97 29.886 4.519, -38.97 29.886 5.912, -32.121 29.977 5.912, -32.121 29.977 4.519, -38.97 29.886 4.519)))",LayeredConstr_id_0106
13,8,door,7,014e1bc7-32e6-47ce-9999-09d86a037ef1,True,[24],"MULTIPOLYGON Z (((-33.376 22.462 3.771, -33.376 22.462 5.841, -34.178 22.45 5.841, -34.178 22.45 3.771, -33.376 22.462 3.771)))",
14,11,room,0,e51dec67-3631-415b-821a-7abda2ab0493,,[],,
15,12,party_wall,11,faf8a807-01e8-4499-a3de-9dd634a7ca52,False,[2],"MULTIPOLYGON Z (((-39.119 29.884 6.657, -39.014 22.381 6.657, -39.014 22.381 3.052, -39.119 29.884 3.052, -39.119 29.884 6.657)))",LayeredConstr_id_0013
16,13,party_wall,11,12e9837d-af67-41dd-a733-e4577ff08e9b,False,[21],"MULTIPOLYGON Z (((-39.014 22.381 6.657, -46.195 22.278 6.657, -46.195 22.278 3.052, -39.014 22.381 3.052, -39.014 22.381 6.657)))",LayeredConstr_id_0014
17,13,party_wall_with_hole,11,12e9837d-af67-41dd-a733-e4577ff08e9b,True,[21],"MULTIPOLYGON Z (((-46.195 22.277999999999995 6.657, -46.195 22.277999999999995 3.052, -39.014 22.380999999999997 3.052, -39.014 22.380999999999997 6.657, -46.195 22.277999999999995 6.657), (-41.47201066797319 22.345743754518693 5.887, -41.47201066797319 22.345743754518693 3.723, -39.31001081774817 22.37675419659823 3.723, -39.31001081774817 22.37675419659823 5.887, -41.47201066797319 22.345743754518693 5.887)))",LayeredConstr_id_0014
18,15,party_wall,11,1df956f7-e521-45a6-81f2-baade448072f,False,[62],"MULTIPOLYGON Z (((-46.195 22.278 6.657, -46.396 29.788 6.657, -46.396 29.788 3.052, -46.195 22.278 3.052, -46.195 22.278 6.657)))",LayeredConstr_id_0014
19,16,external,11,8e6ee283-d6a6-4df2-a686-5a584f8ae404,False,[],"MULTIPOLYGON Z (((-46.396 29.788 6.657, -39.119 29.884 6.657, -39.119 29.884 3.052, -46.396 29.788 3.052, -46.396 29.788 6.657)))",LayeredConstr_id_0119
20,16,external_with_hole,11,8e6ee283-d6a6-4df2-a686-5a584f8ae404,True,[],"MULTIPOLYGON Z (((-39.119 29.884 6.657, -39.119 29.884 3.052, -46.396 29.788 3.052, -46.396 29.788 6.657, -39.119 29.884 6.657), (-39.341987576756225 29.881058292240127 4.594, -46.193995579181276 29.79066489273033 4.594, -46.193995579181276 29.79066489273033 5.802, -39.341987576756225 29.881058292240127 5.802, -39.341987576756225 29.881058292240127 4.594)))",LayeredConstr_id_0119
21,19,ceiling,11,0dbaa43a-4b1b-4e69-9eed-90f45fcefa4e,False,[],"MULTIPOLYGON Z (((-39.119 29.884 6.657, -46.396 29.788 6.657, -46.195 22.278 6.657, -39.014 22.381 6.657, -39.119 29.884 6.657)))",LayeredConstr_id_0108
22,18,floor,11,13b617b7-90af-4c06-8bdc-58d2ee998c70,False,[],"MULTIPOLYGON Z (((-39.119 29.884 3.052, -39.014 22.381 3.052, -46.195 22.278 3.052, -46.396 29.788 3.052, -39.119 29.884 3.052)))",LayeredConstr_id_0109
23,14,door,13,db19b702-8b6f-47d2-ba64-97c90fca14ed,True,[22],"MULTIPOLYGON Z (((-41.472 22.345 3.723, -39.31 22.376 3.723, -39.31 22.376 5.887, -41.472 22.345 5.887, -41.472 22.345 3.723)))",
24,17,window,16,d54b0f0a-e7f7-4794-aeee-74c2cff56f70,True,[],"MULTIPOLYGON Z (((-46.194 29.791 4.594, -46.194 29.791 5.802, -39.342 29.882 5.802, -39.342 29.882 4.594, -46.194 29.791 4.594)))",LayeredConstr_id_0106
25,20,room,0,911343a0-428c-4597-8824-fa557c60f691,,[],,
26,21,party_wall,20,7c80e0c0-bf1b-425a-8006-960c9dec539a,False,[13],"MULTIPOLYGON Z (((-46.195 22.278 6.657, -39.014 22.381 6.657, -39.014 22.381 3.052, -46.195 22.278 3.052, -46.195 22.278 6.657)))",LayeredConstr_id_0014
27,21,party_wall_with_hole,20,7c80e0c0-bf1b-425a-8006-960c9dec539a,True,[13],"MULTIPOLYGON Z (((-39.014 22.381 6.657, -39.014 22.381 3.052, -46.195 22.278 3.052, -46.195 22.278 6.657, -39.014 22.381 6.657), (-39.31001081774817 22.376754196598238 3.723, -41.47201066797319 22.345743754518697 3.723, -41.47201066797319 22.345743754518697 5.887, -39.31001081774817 22.376754196598238 5.887, -39.31001081774817 22.376754196598238 3.723)))",LayeredConstr_id_0014
28,23,party_wall,20,d8d87fb7-e52d-4401-84de-2d48c4c8dc90,False,[7],"MULTIPOLYGON Z (((-39.014 22.381 6.657, -31.502 22.488 6.657, -31.502 22.488 3.052, -39.014 22.381 3.052, -39.014 22.381 6.657)))",LayeredConstr_id_0014
29,23,party_wall_with_hole,20,d8d87fb7-e52d-4401-84de-2d48c4c8dc90,True,[7],"MULTIPOLYGON Z (((-31.502 22.488 6.657, -31.502 22.488 3.052, -39.014 22.381 3.052, -39.014 22.381 6.657, -31.502 22.488 6.657), (-33.37599013064709 22.461307116083702 5.841, -33.37599013064709 22.461307116083702 3.771, -34.1779983393098 22.449883410236136 3.771, -34.1779983393098 22.449883410236136 5.841, -33.37599013064709 22.461307116083702 5.841)))",LayeredConstr_id_0014
31,26,party_wall,20,ba7e5d21-d08b-4cff-8ef5-4e29c099c4d8,False,[190],"MULTIPOLYGON Z (((-31.725 20.16 6.657, -33.68 20.129 6.657, -33.68 20.129 3.052, -31.725 20.16 3.052, -31.725 20.16 6.657)))",LayeredConstr_id_0012
32,26,party_wall_with_hole,20,ba7e5d21-d08b-4cff-8ef5-4e29c099c4d8,True,[190],"MULTIPOLYGON Z (((-33.68 20.129 6.657, -31.725 20.16 6.657, -31.725 20.16 3.052, -33.68 20.129 3.052, -33.68 20.129 6.657), (-32.79000178394585 20.143112503681678 3.081, -32.79000178394585 20.143112503681678 5.823, -31.925997032162815 20.15681283478412 5.823, -31.925997032162815 20.15681283478412 3.081, -32.79000178394585 20.143112503681678 3.081)))",LayeredConstr_id_0012
33,28,party_wall,20,cd89aef8-d01a-48ad-8c3a-9f977d0c29ea,False,[183],"MULTIPOLYGON Z (((-33.68 20.129 3.052, -33.68 20.129 6.657, -35.127 20.106 6.657, -35.127 20.106 3.052, -33.68 20.129 3.052)))",LayeredConstr_id_0012
34,29,party_wall,20,522b6111-55cb-466d-a9b8-669cc3adc997,False,[173],"MULTIPOLYGON Z (((-35.127 20.106 3.052, -35.127 20.106 6.657, -36.994 20.076 6.657, -36.994 20.076 3.052, -35.127 20.106 3.052)))",LayeredConstr_id_0012
35,30,party_wall,20,5f996feb-3e8d-4b5d-a051-07a729c7e18f,False,[179],"MULTIPOLYGON Z (((-36.994 20.076 3.052, -36.994 20.076 6.657, -36.957 16.644 6.657, -36.957 16.644 3.052, -36.994 20.076 3.052)))",LayeredConstr_id_0012
36,31,party_wall,20,43ad9def-b9ff-4855-a0fe-3506dc6e32e0,False,[178],"MULTIPOLYGON Z (((-36.957 16.644 3.052, -36.957 16.644 6.657, -35.589 16.664 6.657, -35.589 16.664 3.052, -36.957 16.644 3.052)))",LayeredConstr_id_0012
37,32,party_wall,20,6b72ecdd-4ec7-4512-b10c-032074f3938c,False,[203],"MULTIPOLYGON Z (((-35.589 16.664 3.052, -35.589 16.664 6.657, -33.617 16.692 6.657, -33.617 16.692 3.052, -35.589 16.664 3.052)))",LayeredConstr_id_0012
38,33,party_wall,20,5c1716ac-9c99-418e-b2ef-a39845a0f888,False,[212],"MULTIPOLYGON Z (((-33.617 16.692 3.052, -33.617 16.692 6.657, -31.686 16.72 6.657, -31.686 16.72 3.052, -33.617 16.692 3.052)))",LayeredConstr_id_0012
40,35,party_wall,20,5a2b4867-62ad-4585-952e-a9d88bdd45aa,False,[102],"MULTIPOLYGON Z (((-31.419 14.435 6.657, -38.922 14.296 6.657, -38.922 14.296 3.052, -31.419 14.435 3.052, -31.419 14.435 6.657)))",LayeredConstr_id_0014
41,35,party_wall_with_hole,20,5a2b4867-62ad-4585-952e-a9d88bdd45aa,True,[102],"MULTIPOLYGON Z (((-38.922 14.296000000000001 6.657, -38.922 14.296000000000001 3.052, -31.419 14.435000000000002 3.052, -31.419 14.435000000000002 6.657, -38.922 14.296000000000001 6.657), (-37.57599881275335 14.320935914304584 3.728, -36.55099861035371 14.339924989092475 3.728, -36.55099861035371 14.339924989092475 5.85, -37.57599881275335 14.320935914304584 5.85, -37.57599881275335 14.320935914304584 3.728)))",LayeredConstr_id_0014
42,37,party_wall,20,67d1b3ba-72cb-41ed-9ad7-bc26ccf1df2a,False,[93],"MULTIPOLYGON Z (((-38.922 14.296 6.657, -46.148 14.162 6.657, -46.148 14.162 3.052, -38.922 14.296 3.052, -38.922 14.296 6.657)))",LayeredConstr_id_0014
43,37,party_wall_with_hole,20,67d1b3ba-72cb-41ed-9ad7-bc26ccf1df2a,True,[93],"MULTIPOLYGON Z (((-46.148 14.162 6.657, -38.922 14.296 6.657, -38.922 14.296 3.052, -46.148 14.162 3.052, -46.148 14.162 6.657), (-45.929001133918476 14.16606114697688 3.715, -45.929001133918476 14.16606114697688 6.164, -44.49999185733656 14.19256090383572 6.164, -44.49999185733656 14.19256090383572 3.715, -45.929001133918476 14.16606114697688 3.715)))",LayeredConstr_id_0014
44,39,party_wall,20,c93d00ee-60f5-4fcc-a5a0-41458c095a83,False,[85],"MULTIPOLYGON Z (((-46.148 14.162 3.052, -46.148 14.162 6.657, -53.723 14.022 6.657, -53.723 14.022 3.052, -46.148 14.162 3.052)))",LayeredConstr_id_0014
45,40,party_wall,20,122822ac-5ce7-4e30-aa56-027fadd728fd,False,[84],"MULTIPOLYGON Z (((-53.723 14.022 3.052, -53.723 14.022 6.657, -53.716 13.593 6.657, -53.716 13.593 3.052, -53.723 14.022 3.052)))",LayeredConstr_id_0014
46,41,external,20,71f6366e-b3da-465b-8792-be907be83881,False,[],"MULTIPOLYGON Z (((-53.716 13.593 6.657, -55.572 13.498 6.657, -55.572 13.498 3.052, -53.716 13.593 3.052, -53.716 13.593 6.657)))",LayeredConstr_id_0114
47,41,external_with_hole,20,71f6366e-b3da-465b-8792-be907be83881,True,[],"MULTIPOLYGON Z (((-55.572 13.497999999999998 6.657, -55.572 13.497999999999998 3.052, -53.716 13.592999999999998 3.052, -53.716 13.592999999999998 6.657, -55.572 13.497999999999998 6.657), (-55.26797755490319 13.513561493687604 3.722, -53.89499172061993 13.583838247058784 3.722, -53.89499172061993 13.583838247058784 6.03, -55.26797755490319 13.513561493687604 6.03, -55.26797755490319 13.513561493687604 3.722)))",LayeredConstr_id_0114
48,43,party_wall,20,763f324b-2b3b-4af9-8c9f-b31f7557df18,False,[66],"MULTIPOLYGON Z (((-55.572 13.498 6.657, -55.633 16.397 6.657, -55.633 16.397 3.052, -55.572 13.498 3.052, -55.572 13.498 6.657)))",LayeredConstr_id_0012
49,44,party_wall,20,aafd174c-339d-4d93-9698-389c6a8640ad,False,[79],"MULTIPOLYGON Z (((-55.633 16.397 3.052, -55.633 16.397 6.657, -53.428 16.426 6.657, -53.428 16.426 3.052, -55.633 16.397 3.052)))",LayeredConstr_id_0014
50,45,party_wall,20,53dacdea-c8e6-4f0c-af28-a8f731a2b99a,False,[121],"MULTIPOLYGON Z (((-53.428 16.426 3.052, -53.428 16.426 6.657, -51.518 16.451 6.657, -51.518 16.451 3.052, -53.428 16.426 3.052)))",LayeredConstr_id_0014
51,46,party_wall,20,98299fb7-cb0f-4079-aa84-80e02592655b,False,[129],"MULTIPOLYGON Z (((-51.518 16.451 3.052, -51.518 16.451 6.657, -49.866 16.472 6.657, -49.866 16.472 3.052, -51.518 16.451 3.052)))",LayeredConstr_id_0014
52,47,party_wall,20,b68c27db-e71a-4c63-abd6-1b495538754a,False,[136],"MULTIPOLYGON Z (((-49.866 16.472 3.052, -49.866 16.472 6.657, -48.208 16.494 6.657, -48.208 16.494 3.052, -49.866 16.472 3.052)))",LayeredConstr_id_0014
53,48,party_wall,20,2631c784-19f7-4293-8e3c-d7fdb61ef335,False,[142],"MULTIPOLYGON Z (((-48.208 16.494 3.052, -48.208 16.494 6.657, -48.271 19.919 6.657, -48.271 19.919 3.052, -48.208 16.494 3.052)))",LayeredConstr_id_0012
54,49,party_wall,20,c65ac859-5e4a-49f9-a2cf-ea54c195b1a3,False,[141],"MULTIPOLYGON Z (((-48.271 19.919 3.052, -48.271 19.919 6.657, -49.474 19.9 6.657, -49.474 19.9 3.052, -48.271 19.919 3.052)))",LayeredConstr_id_0012
55,50,party_wall,20,9fb61d44-fe7e-464c-8ea1-8ce4bffeb22b,False,[157],"MULTIPOLYGON Z (((-49.474 19.9 3.052, -49.474 19.9 6.657, -49.506 22.23 6.657, -49.506 22.23 3.052, -49.474 19.9 3.052)))",LayeredConstr_id_0011
56,51,party_wall,20,ea5da0a4-4542-48df-9bb9-072b84dcf1d1,False,[55],"MULTIPOLYGON Z (((-49.506 22.23 3.052, -49.506 22.23 6.657, -46.195 22.278 6.657, -46.195 22.278 3.052, -49.506 22.23 3.052)))",LayeredConstr_id_0014
57,53,ceiling,20,ccdcaf5b-c80b-4fc5-9eff-6874fcdee96f,False,[],"MULTIPOLYGON Z (((-46.195 22.278 6.657, -49.506 22.23 6.657, -49.474 19.9 6.657, -48.271 19.919 6.657, -48.208 16.494 6.657, -49.866 16.472 6.657, -51.518 16.451 6.657, -53.428 16.426 6.657, -55.633 16.397 6.657, -55.572 13.498 6.657, -53.716 13.593 6.657, -53.723 14.022 6.657, -46.148 14.162 6.657, -38.922 14.296 6.657, -31.419 14.435 6.657, -31.686 16.72 6.657, -33.617 16.692 6.657, -35.589 16.664 6.657, -36.957 16.644 6.657, -36.994 20.076 6.657, -35.127 20.106 6.657, -33.68 20.129 6.657, -31.725 20.16 6.657, -31.502 22.488 6.657, -39.014 22.381 6.657, -46.195 22.278 6.657)))",LayeredConstr_id_0108
58,52,floor,20,fc2152cf-13ce-440e-a4ab-959948141cf0,False,[],"MULTIPOLYGON Z (((-46.195 22.278 3.052, -39.014 22.381 3.052, -31.502 22.488 3.052, -31.725 20.16 3.052, -33.68 20.129 3.052, -35.127 20.106 3.052, -36.994 20.076 3.052, -36.957 16.644 3.052, -35.589 16.664 3.052, -33.617 16.692 3.052, -31.686 16.72 3.052, -31.419 14.435 3.052, -38.922 14.296 3.052, -46.148 14.162 3.052, -53.723 14.022 3.052, -53.716 13.593 3.052, -55.572 13.498 3.052, -55.633 16.397 3.052, -53.428 16.426 3.052, -51.518 16.451 3.052, -49.866 16.472 3.052, -48.208 16.494 3.052, -48.271 19.919 3.052, -49.474 19.9 3.052, -49.506 22.23 3.052, -46.195 22.278 3.052)))",LayeredConstr_id_0109
59,22,door,21,f3d74443-7e3f-491a-80dc-ed147f7a8ad7,True,[14],"MULTIPOLYGON Z (((-41.472 22.345 3.723, -41.472 22.345 5.887, -39.31 22.376 5.887, -39.31 22.376 3.723, -41.472 22.345 3.723)))",
60,24,door,23,efdd328a-2512-4e48-8e7e-cc69c8fd23e5,True,[8],"MULTIPOLYGON Z (((-33.376 22.462 3.771, -34.178 22.45 3.771, -34.178 22.45 5.841, -33.376 22.462 5.841, -33.376 22.462 3.771)))",
61,27,door,26,3e87ac79-31bf-464a-85b8-2f72740fa761,True,[191],"MULTIPOLYGON Z (((-31.926 20.157 3.081, -31.926 20.157 5.823, -32.79 20.143 5.823, -32.79 20.143 3.081, -31.926 20.157 3.081)))",
62,36,door,35,92f20797-fb45-4f50-96f2-cddb9e742d3f,True,[103],"MULTIPOLYGON Z (((-36.551 14.34 3.728, -36.551 14.34 5.85, -37.576 14.321 5.85, -37.576 14.321 3.728, -36.551 14.34 3.728)))",
63,38,door,37,22fb2abf-d426-45f4-a056-47c7b1e5aaab,True,[94],"MULTIPOLYGON Z (((-44.5 14.193 3.715, -44.5 14.193 6.164, -45.929 14.166 6.164, -45.929 14.166 3.715, -44.5 14.193 3.715)))",
64,42,window,41,a95d7bb4-9aeb-405f-84dd-c0bd828e1af0,True,[],"MULTIPOLYGON Z (((-53.895 13.584 3.722, -53.895 13.584 6.03, -55.268 13.514 6.03, -55.268 13.514 3.722, -53.895 13.584 3.722)))",LayeredConstr_id_0106
65,54,room,0,81749bad-3405-446d-919f-fa98c500ede2,,[],,
66,55,party_wall,54,b8b6fd5e-a365-4009-9b9f-5263f30a2f0a,False,[51],"MULTIPOLYGON Z (((-46.195 22.278 3.052, -46.195 22.278 6.657, -49.506 22.23 6.657, -49.506 22.23 3.052, -46.195 22.278 3.052)))",LayeredConstr_id_0014
67,56,party_wall,54,4e079784-af9c-42ef-83ee-d26d9b8bb630,False,[156],"MULTIPOLYGON Z (((-49.506 22.23 3.052, -49.506 22.23 6.657, -53.567 22.172 6.657, -53.567 22.172 3.052, -49.506 22.23 3.052)))",LayeredConstr_id_0014
68,57,party_wall,54,6213f755-3088-4875-8580-aabd2ffae99d,False,[75],"MULTIPOLYGON Z (((-53.567 22.172 3.052, -53.567 22.172 6.657, -53.783 22.169 6.657, -53.783 22.169 3.052, -53.567 22.172 3.052)))",LayeredConstr_id_0014
69,58,party_wall,54,4bb0b96a-4168-4081-af2c-1875b69767f4,False,[74],"MULTIPOLYGON Z (((-53.783 22.169 3.052, -53.783 22.169 6.657, -53.79 22.691 6.657, -53.79 22.691 3.052, -53.783 22.169 3.052)))",LayeredConstr_id_0014
70,59,external,54,91acd393-ef76-4adc-96fa-56be4ed69f60,False,[],"MULTIPOLYGON Z (((-53.79 22.691 6.657, -53.887 29.689 6.657, -53.887 29.689 3.052, -53.79 22.691 3.052, -53.79 22.691 6.657)))",LayeredConstr_id_0113
71,60,external,54,3eb601f5-986c-462e-a659-5a1c1b296fb3,False,[],"MULTIPOLYGON Z (((-53.887 29.689 6.657, -46.396 29.788 6.657, -46.396 29.788 3.052, -53.887 29.689 3.052, -53.887 29.689 6.657)))",LayeredConstr_id_0119
72,60,external_with_hole,54,3eb601f5-986c-462e-a659-5a1c1b296fb3,True,[],"MULTIPOLYGON Z (((-46.396 29.787999999999997 6.657, -46.396 29.787999999999997 3.052, -53.887 29.688999999999997 3.052, -53.887 29.688999999999997 6.657, -46.396 29.787999999999997 6.657), (-46.64399633280298 29.784722515425507 5.791, -46.64399633280298 29.784722515425507 4.6, -53.52299749699252 29.693810605766615 4.6, -53.52299749699252 29.693810605766615 5.791, -46.64399633280298 29.784722515425507 5.791)))",LayeredConstr_id_0119
73,62,party_wall,54,699a584f-bce5-4c55-a116-9f0056f49149,False,[15],"MULTIPOLYGON Z (((-46.396 29.788 6.657, -46.195 22.278 6.657, -46.195 22.278 3.052, -46.396 29.788 3.052, -46.396 29.788 6.657)))",LayeredConstr_id_0014
74,64,ceiling,54,bcfef366-c96d-41b1-ac4f-e8570a0f1328,False,[],"MULTIPOLYGON Z (((-46.195 22.278 6.657, -46.396 29.788 6.657, -53.887 29.689 6.657, -53.79 22.691 6.657, -53.783 22.169 6.657, -53.567 22.172 6.657, -49.506 22.23 6.657, -46.195 22.278 6.657)))",LayeredConstr_id_0108
75,63,floor,54,54c75a54-7fe3-4824-b808-72174bb171cf,False,[],"MULTIPOLYGON Z (((-46.195 22.278 3.052, -49.506 22.23 3.052, -53.567 22.172 3.052, -53.783 22.169 3.052, -53.79 22.691 3.052, -53.887 29.689 3.052, -46.396 29.788 3.052, -46.195 22.278 3.052)))",LayeredConstr_id_0109
76,61,window,60,d10d913a-8db0-44a8-a891-01343d126b75,True,[],"MULTIPOLYGON Z (((-46.644 29.785 4.6, -53.523 29.694 4.6, -53.523 29.694 5.791, -46.644 29.785 5.791, -46.644 29.785 4.6)))",LayeredConstr_id_0106
77,65,room,0,81a65597-1348-43fc-bdbf-53f2c84dec85,,[],,
78,66,party_wall,65,83b2b31e-30a1-493c-aac1-de4daf0bb9bd,False,[43],"MULTIPOLYGON Z (((-55.633 16.397 6.657, -55.572 13.498 6.657, -55.572 13.498 3.052, -55.633 16.397 3.052, -55.633 16.397 6.657)))",LayeredConstr_id_0012
80,68,party_wall,65,a221c279-11b5-45d8-b043-ec36b01bdbcc,False,[115],"MULTIPOLYGON Z (((-57.087 13.498 6.657, -57.123 16.708 6.657, -57.123 16.708 3.052, -57.087 13.498 3.052, -57.087 13.498 6.657)))",LayeredConstr_id_0012
81,68,party_wall_with_hole,65,a221c279-11b5-45d8-b043-ec36b01bdbcc,True,[115],"MULTIPOLYGON Z (((-57.123 16.708 6.657, -57.123 16.708 3.052, -57.087 13.498 3.052, -57.087 13.498 6.657, -57.123 16.708 6.657), (-57.10171405465642 14.810003206863668 5.862, -57.10171405465642 14.810003206863668 3.786, -57.09293271874269 14.027000754556155 3.786, -57.09293271874269 14.027000754556155 5.862, -57.10171405465642 14.810003206863668 5.862)))",LayeredConstr_id_0012
82,70,party_wall,65,afc7f1c2-f276-4c1b-8630-eefd10b2c392,False,[114],"MULTIPOLYGON Z (((-57.123 16.708 3.052, -57.123 16.708 6.657, -60.675 16.641 6.657, -60.675 16.641 3.052, -57.123 16.708 3.052)))",LayeredConstr_id_0009
83,71,external,65,18d2f526-71dc-4ec1-bf20-cd4521d118d5,False,[],"MULTIPOLYGON Z (((-60.675 16.641 6.657, -60.762 22.612 6.657, -60.762 22.612 3.052, -60.675 16.641 3.052, -60.675 16.641 6.657)))",LayeredConstr_id_0118
84,72,external,65,debde022-c660-44bc-a9e0-a150c1afc746,False,[],"MULTIPOLYGON Z (((-60.762 22.612 6.657, -53.79 22.691 6.657, -53.79 22.691 3.052, -60.762 22.612 3.052, -60.762 22.612 6.657)))",LayeredConstr_id_0116
85,72,external_with_hole,65,debde022-c660-44bc-a9e0-a150c1afc746,True,[],"MULTIPOLYGON Z (((-53.79 22.691 6.657, -53.79 22.691 3.052, -60.762 22.612 3.052, -60.762 22.612 6.657, -53.79 22.691 6.657), (-54.037002279891865 22.688201207671906 5.835, -54.037002279891865 22.688201207671906 4.572, -60.609996853976725 22.61372235349051 4.572, -60.609996853976725 22.61372235349051 5.835, -54.037002279891865 22.688201207671906 5.835)))",LayeredConstr_id_0116
86,74,party_wall,65,15f65c29-dda0-4747-8f71-9780c55ca06c,False,[58],"MULTIPOLYGON Z (((-53.79 22.691 3.052, -53.79 22.691 6.657, -53.783 22.169 6.657, -53.783 22.169 3.052, -53.79 22.691 3.052)))",LayeredConstr_id_0014
87,75,party_wall,65,c6928bee-d6cf-4616-9d2a-ee953f8b70dc,False,[57],"MULTIPOLYGON Z (((-53.783 22.169 3.052, -53.783 22.169 6.657, -53.567 22.172 6.657, -53.567 22.172 3.052, -53.783 22.169 3.052)))",LayeredConstr_id_0014
88,76,party_wall,65,92b79d00-da5e-48cf-b8be-2e22e6e0de48,False,[155],"MULTIPOLYGON Z (((-53.567 22.172 3.052, -53.567 22.172 6.657, -53.511 19.836 6.657, -53.511 19.836 3.052, -53.567 22.172 3.052)))",LayeredConstr_id_0013
89,77,party_wall,65,98d49ec0-8768-4847-ade4-72e15d2f0ead,False,[146],"MULTIPOLYGON Z (((-53.511 19.836 6.657, -53.47 18.173 6.657, -53.47 18.173 3.052, -53.511 19.836 3.052, -53.511 19.836 6.657)))",LayeredConstr_id_0013
90,78,party_wall,65,65a3cbfb-d702-41c6-bcdd-4a722bcbaa48,False,[122],"MULTIPOLYGON Z (((-53.47 18.173 3.052, -53.47 18.173 6.657, -53.428 16.426 6.657, -53.428 16.426 3.052, -53.47 18.173 3.052)))",LayeredConstr_id_0013
91,79,party_wall,65,afc68292-cc9e-4537-86ac-657828d86584,False,[44],"MULTIPOLYGON Z (((-53.428 16.426 3.052, -53.428 16.426 6.657, -55.633 16.397 6.657, -55.633 16.397 3.052, -53.428 16.426 3.052)))",LayeredConstr_id_0014
92,81,ceiling,65,288ae559-68bb-4da9-baba-ee2a05e2c1f0,False,[],"MULTIPOLYGON Z (((-55.633 16.397 6.657, -53.428 16.426 6.657, -53.47 18.173 6.657, -53.511 19.836 6.657, -53.567 22.172 6.657, -53.783 22.169 6.657, -53.79 22.691 6.657, -60.762 22.612 6.657, -60.675 16.641 6.657, -57.123 16.708 6.657, -57.087 13.498 6.657, -55.572 13.498 6.657, -55.633 16.397 6.657)))",LayeredConstr_id_0108
93,80,floor,65,4d32da21-e0a6-4eb6-bc52-bf3d7cf87ae6,False,[],"MULTIPOLYGON Z (((-55.633 16.397 3.052, -55.572 13.498 3.052, -57.087 13.498 3.052, -57.123 16.708 3.052, -60.675 16.641 3.052, -60.762 22.612 3.052, -53.79 22.691 3.052, -53.783 22.169 3.052, -53.567 22.172 3.052, -53.511 19.836 3.052, -53.47 18.173 3.052, -53.428 16.426 3.052, -55.633 16.397 3.052)))",LayeredConstr_id_0109
94,69,door,68,87051962-3009-4145-9d76-7e45cbb74d1e,True,[116],"MULTIPOLYGON Z (((-57.102 14.81 3.786, -57.093 14.027 3.786, -57.093 14.027 5.862, -57.102 14.81 5.862, -57.102 14.81 3.786)))",
95,73,window,72,a1438386-36ce-478f-aa5c-4f05ec772db0,True,[],"MULTIPOLYGON Z (((-54.037 22.688 4.572, -60.61 22.614 4.572, -60.61 22.614 5.835, -54.037 22.688 5.835, -54.037 22.688 4.572)))",LayeredConstr_id_0106
96,82,room,0,922cd7d3-4244-4da9-925c-9a8f80ab97d7,,[],,
97,83,external,82,fc9e0cdc-b1f0-4fda-9cbe-29f2313ec741,False,[],"MULTIPOLYGON Z (((-53.612 6.403 6.657, -53.716 13.593 6.657, -53.716 13.593 3.052, -53.612 6.403 3.052, -53.612 6.403 6.657)))",LayeredConstr_id_0117
98,84,party_wall,82,444eb222-59d7-482c-ba7e-195549f7b4f6,False,[40],"MULTIPOLYGON Z (((-53.716 13.593 3.052, -53.716 13.593 6.657, -53.723 14.022 6.657, -53.723 14.022 3.052, -53.716 13.593 3.052)))",LayeredConstr_id_0014
99,85,party_wall,82,599dd620-eb47-4fef-a164-e467f60d6d4a,False,[39],"MULTIPOLYGON Z (((-53.723 14.022 3.052, -53.723 14.022 6.657, -46.148 14.162 6.657, -46.148 14.162 3.052, -53.723 14.022 3.052)))",LayeredConstr_id_0014
100,86,party_wall,82,95894275-3b40-49d5-b29c-780c6170be9e,False,[92],"MULTIPOLYGON Z (((-46.148 14.162 6.657, -46.039 6.515 6.657, -46.039 6.515 3.052, -46.148 14.162 3.052, -46.148 14.162 6.657)))",LayeredConstr_id_0012
101,87,external,82,233379cd-1d76-496e-bb82-67d24aa56ed5,False,[],"MULTIPOLYGON Z (((-46.039 6.515 6.657, -53.612 6.403 6.657, -53.612 6.403 3.052, -46.039 6.515 3.052, -46.039 6.515 6.657)))",LayeredConstr_id_0116
102,87,external_with_hole,82,233379cd-1d76-496e-bb82-67d24aa56ed5,True,[],"MULTIPOLYGON Z (((-53.612 6.402999999999999 6.657, -53.612 6.402999999999999 3.052, -46.039 6.514999999999999 3.052, -46.039 6.514999999999999 6.657, -53.612 6.402999999999999 6.657), (-53.06598632286079 6.411075205577656 4.594, -46.14399182495619 6.513447235653625 4.594, -46.14399182495619 6.513447235653625 5.927, -53.06598632286079 6.411075205577656 5.927, -53.06598632286079 6.411075205577656 4.594)))",LayeredConstr_id_0116
103,90,ceiling,82,2828988c-044d-4ef7-80f1-460bd329233b,False,[],"MULTIPOLYGON Z (((-53.612 6.403 6.657, -46.039 6.515 6.657, -46.148 14.162 6.657, -53.723 14.022 6.657, -53.716 13.593 6.657, -53.612 6.403 6.657)))",LayeredConstr_id_0108
104,89,floor,82,539beb23-1f6e-4437-9003-c1685ab14fda,False,[],"MULTIPOLYGON Z (((-53.612 6.403 3.052, -53.716 13.593 3.052, -53.723 14.022 3.052, -46.148 14.162 3.052, -46.039 6.515 3.052, -53.612 6.403 3.052)))",LayeredConstr_id_0109
105,88,window,87,90e25653-2030-4260-b9d6-7aa1f907951a,True,[],"MULTIPOLYGON Z (((-46.144 6.514 4.594, -46.144 6.514 5.927, -53.066 6.412 5.927, -53.066 6.412 4.594, -46.144 6.514 4.594)))",LayeredConstr_id_0106
106,91,room,0,e1105728-e9ed-4750-8031-6e9405868969,,[],,
107,92,party_wall,91,2cf47bac-decc-4882-bc03-4c9679f410ed,False,[86],"MULTIPOLYGON Z (((-46.039 6.515 6.657, -46.148 14.162 6.657, -46.148 14.162 3.052, -46.039 6.515 3.052, -46.039 6.515 6.657)))",LayeredConstr_id_0012
108,93,party_wall,91,583231c4-26dc-4b70-b557-be70c84c6567,False,[37],"MULTIPOLYGON Z (((-46.148 14.162 6.657, -38.922 14.296 6.657, -38.922 14.296 3.052, -46.148 14.162 3.052, -46.148 14.162 6.657)))",LayeredConstr_id_0014
109,93,party_wall_with_hole,91,583231c4-26dc-4b70-b557-be70c84c6567,True,[37],"MULTIPOLYGON Z (((-38.922 14.295999999999998 6.657, -46.148 14.161999999999999 6.657, -46.148 14.161999999999999 3.052, -38.922 14.295999999999998 3.052, -38.922 14.295999999999998 6.657), (-44.49999185733656 14.192560903835718 6.164, -45.929001133918476 14.166061146976878 6.164, -45.929001133918476 14.166061146976878 3.715, -44.49999185733656 14.192560903835718 3.715, -44.49999185733656 14.192560903835718 6.164)))",LayeredConstr_id_0014
110,95,party_wall,91,99c111fd-0533-4785-8464-63ba5b540d14,False,[101],"MULTIPOLYGON Z (((-38.922 14.296 6.657, -38.812 6.622 6.657, -38.812 6.622 3.052, -38.922 14.296 3.052, -38.922 14.296 6.657)))",LayeredConstr_id_0012
111,96,external,91,f234a2a5-8085-4ac4-bda0-536887465b46,False,[],"MULTIPOLYGON Z (((-38.812 6.622 6.657, -46.039 6.515 6.657, -46.039 6.515 3.052, -38.812 6.622 3.052, -38.812 6.622 6.657)))",LayeredConstr_id_0116
112,96,external_with_hole,91,f234a2a5-8085-4ac4-bda0-536887465b46,True,[],"MULTIPOLYGON Z (((-46.039 6.515000000000001 6.657, -46.039 6.515000000000001 3.052, -38.812 6.622 3.052, -38.812 6.622 6.657, -46.039 6.515000000000001 6.657), (-45.83999920529819 6.517946324205493 5.988, -45.83999920529819 6.517946324205493 4.622, -38.97599366286749 6.619571977040706 4.622, -38.97599366286749 6.619571977040706 5.988, -45.83999920529819 6.517946324205493 5.988)))",LayeredConstr_id_0116
113,99,ceiling,91,85087dfd-4f5b-4ef7-a8ae-d92d00f457ca,False,[],"MULTIPOLYGON Z (((-46.039 6.515 6.657, -38.812 6.622 6.657, -38.922 14.296 6.657, -46.148 14.162 6.657, -46.039 6.515 6.657)))",LayeredConstr_id_0108
114,98,floor,91,bfda0c7e-f427-4b38-9dc7-1537fc2ae2ee,False,[],"MULTIPOLYGON Z (((-46.039 6.515 3.052, -46.148 14.162 3.052, -38.922 14.296 3.052, -38.812 6.622 3.052, -46.039 6.515 3.052)))",LayeredConstr_id_0109
115,94,door,93,0d4e352c-bb75-4f25-ad78-94363b65e96c,True,[38],"MULTIPOLYGON Z (((-44.5 14.193 3.715, -45.929 14.166 3.715, -45.929 14.166 6.164, -44.5 14.193 6.164, -44.5 14.193 3.715)))",
116,97,window,96,d7deabe3-e68a-4a10-bed6-f9c20805287f,True,[],"MULTIPOLYGON Z (((-45.84 6.518 4.622, -38.976 6.62 4.622, -38.976 6.62 5.988, -45.84 6.518 5.988, -45.84 6.518 4.622)))",LayeredConstr_id_0106
117,100,room,0,76cca9e8-55c3-4d3d-9d87-aa8f4a441a11,,[],,
118,101,party_wall,100,815edcdc-d786-412c-b6d3-b30856cd9062,False,[95],"MULTIPOLYGON Z (((-38.812 6.622 6.657, -38.922 14.296 6.657, -38.922 14.296 3.052, -38.812 6.622 3.052, -38.812 6.622 6.657)))",LayeredConstr_id_0012
119,102,party_wall,100,4f1216af-3045-4658-bc74-97269f578132,False,[35],"MULTIPOLYGON Z (((-38.922 14.296 6.657, -31.419 14.435 6.657, -31.419 14.435 3.052, -38.922 14.296 3.052, -38.922 14.296 6.657)))",LayeredConstr_id_0014
120,102,party_wall_with_hole,100,4f1216af-3045-4658-bc74-97269f578132,True,[35],"MULTIPOLYGON Z (((-31.419 14.435 6.657, -31.419 14.435 3.052, -38.922 14.296 3.052, -38.922 14.296 6.657, -31.419 14.435 6.657), (-36.55099861035371 14.339924989092474 5.85, -36.55099861035371 14.339924989092474 3.728, -37.57599881275335 14.320935914304583 3.728, -37.57599881275335 14.320935914304583 5.85, -36.55099861035371 14.339924989092474 5.85)))",LayeredConstr_id_0014
121,104,external,100,b2421910-a0d9-4425-a96b-9f2691c24809,False,[],"MULTIPOLYGON Z (((-31.419 14.435 3.052, -31.419 14.435 6.657, -31.413 13.875 6.657, -31.413 13.875 3.052, -31.419 14.435 3.052)))",LayeredConstr_id_0003
122,105,external,100,b16e42b4-c82a-4ed0-96b3-69d1ebf7f15d,False,[],"MULTIPOLYGON Z (((-31.413 13.875 3.052, -31.413 13.875 6.657, -31.343 6.733 6.657, -31.343 6.733 3.052, -31.413 13.875 3.052)))",LayeredConstr_id_0114
123,106,external,100,198df7e0-aba5-4216-9ada-0840fac623e0,False,[],"MULTIPOLYGON Z (((-31.343 6.733 6.657, -38.812 6.622 6.657, -38.812 6.622 3.052, -31.343 6.733 3.052, -31.343 6.733 6.657)))",LayeredConstr_id_0116
124,106,external_with_hole,100,198df7e0-aba5-4216-9ada-0840fac623e0,True,[],"MULTIPOLYGON Z (((-38.812 6.622000000000001 6.657, -38.812 6.622000000000001 3.052, -31.343 6.7330000000000005 3.052, -31.343 6.7330000000000005 6.657, -38.812 6.622000000000001 6.657), (-38.62199738008063 6.624823710109928 4.53, -31.71300744797125 6.72750116123647 4.53, -31.71300744797125 6.72750116123647 5.865, -38.62199738008063 6.624823710109928 5.865, -38.62199738008063 6.624823710109928 4.53)))",LayeredConstr_id_0116
125,109,ceiling,100,914ae058-50b4-4bda-8455-8fcd47d095e8,False,[],"MULTIPOLYGON Z (((-38.812 6.622 6.657, -31.343 6.733 6.657, -31.413 13.875 6.657, -31.419 14.435 6.657, -38.922 14.296 6.657, -38.812 6.622 6.657)))",LayeredConstr_id_0108
126,108,floor,100,37e51e71-f028-4be0-8dff-c0e71c1af754,False,[],"MULTIPOLYGON Z (((-38.812 6.622 3.052, -38.922 14.296 3.052, -31.419 14.435 3.052, -31.413 13.875 3.052, -31.343 6.733 3.052, -38.812 6.622 3.052)))",LayeredConstr_id_0109
127,103,door,102,ed2a6486-906c-4474-a847-5064f3f871e9,True,[36],"MULTIPOLYGON Z (((-36.551 14.34 3.728, -37.576 14.321 3.728, -37.576 14.321 5.85, -36.551 14.34 5.85, -36.551 14.34 3.728)))",
128,107,window,106,fcdd63da-27bb-40c6-b99b-a43e4dd8a89b,True,[],"MULTIPOLYGON Z (((-31.713 6.727 4.53, -31.713 6.727 5.865, -38.622 6.625 5.865, -38.622 6.625 4.53, -31.713 6.727 4.53)))",LayeredConstr_id_0106
129,110,room,0,d7f3f3e8-4f72-4f2c-91f7-09d6246e354d,,[],,
130,111,external,110,df114c5f-c864-41a7-847d-dd067f2543e6,False,[],"MULTIPOLYGON Z (((-57.161 13.497 6.657, -60.628 13.435 6.657, -60.628 13.435 3.052, -57.161 13.497 3.052, -57.161 13.497 6.657)))",LayeredConstr_id_0115
130,111,external,110,df114c5f-c864-41a7-847d-dd067f2543e6,False,[],"MULTIPOLYGON Z (((-57.161 13.497 6.657, -60.628 13.435 6.657, -60.628 13.435 3.052, -57.161 13.497 3.052, -57.161 13.497 6.657)))",LayeredConstr_id_0115
131,111,external,110,df114c5f-c864-41a7-847d-dd067f2543e6,True,[],"MULTIPOLYGON Z (((-58.65600477137123 13.470269156117238 6.65700000370997, -58.656005477064895 13.470308964750306 3.768000004258681, -60.395990498014875 13.439463986912926 3.76799999261175, -60.39598979232121 13.43942417827986 6.65699999206304, -60.62800551669686 13.435311200414846 6.657000004289497, -60.62800639728726 13.435360875085047 3.0520000049741984, -57.160996828231426 13.496821078496371 3.051999997533798, -57.16099594764103 13.49677140382617 6.6569999968490965, -58.65600477137123 13.470269156117238 6.65700000370997)))",LayeredConstr_id_0115
131,111,external,110,df114c5f-c864-41a7-847d-dd067f2543e6,True,[],"MULTIPOLYGON Z (((-58.65600477137123 13.470269156117238 6.65700000370997, -58.656005477064895 13.470308964750306 3.768000004258681, -60.395990498014875 13.439463986912926 3.76799999261175, -60.39598979232121 13.43942417827986 6.65699999206304, -60.62800551669686 13.435311200414846 6.657000004289497, -60.62800639728726 13.435360875085047 3.0520000049741984, -57.160996828231426 13.496821078496371 3.051999997533798, -57.16099594764103 13.49677140382617 6.6569999968490965, -58.65600477137123 13.470269156117238 6.65700000370997)))",LayeredConstr_id_0115
132,113,external,110,d00daa7a-5d74-4041-a41f-411965dbf48b,False,[],"MULTIPOLYGON Z (((-60.628 13.435 6.657, -60.675 16.641 6.657, -60.675 16.641 3.052, -60.628 13.435 3.052, -60.628 13.435 6.657)))",LayeredConstr_id_0118
133,114,party_wall,110,f07b6f50-a65e-423f-bf65-f21133bcff11,False,[70],"MULTIPOLYGON Z (((-60.675 16.641 3.052, -60.675 16.641 6.657, -57.123 16.708 6.657, -57.123 16.708 3.052, -60.675 16.641 3.052)))",LayeredConstr_id_0009
134,115,party_wall,110,07168e47-0742-47ea-8831-ca3a7e3671d4,False,[68],"MULTIPOLYGON Z (((-57.123 16.708 6.657, -57.087 13.498 6.657, -57.087 13.498 3.052, -57.123 16.708 3.052, -57.123 16.708 6.657)))",LayeredConstr_id_0012
135,115,party_wall_with_hole,110,07168e47-0742-47ea-8831-ca3a7e3671d4,True,[68],"MULTIPOLYGON Z (((-57.087 13.498 6.657, -57.087 13.498 3.052, -57.123 16.708 3.052, -57.123 16.708 6.657, -57.087 13.498 6.657), (-57.09293271874269 14.027000754556155 3.786, -57.10171405465641 14.810003206863668 3.786, -57.10171405465641 14.810003206863668 5.862, -57.09293271874269 14.027000754556155 5.862, -57.09293271874269 14.027000754556155 3.786)))",LayeredConstr_id_0012
136,117,external,110,edeeb9e5-bbe4-4857-811d-930e22b9d1c0,False,[],"MULTIPOLYGON Z (((-57.087 13.498 3.052, -57.087 13.498 6.657, -57.161 13.497 6.657, -57.161 13.497 3.052, -57.087 13.498 3.052)))",LayeredConstr_id_0115
137,119,ceiling,110,2c426560-9a8c-4e2c-b770-6bf877b6764a,False,[],"MULTIPOLYGON Z (((-57.161 13.497 6.657, -57.087 13.498 6.657, -57.123 16.708 6.657, -60.675 16.641 6.657, -60.628 13.435 6.657, -57.161 13.497 6.657)))",LayeredConstr_id_0108
138,118,floor,110,daf42d80-39a8-48d2-ae9f-fe5aa2ca0d8a,False,[],"MULTIPOLYGON Z (((-57.161 13.497 3.052, -60.628 13.435 3.052, -60.675 16.641 3.052, -57.123 16.708 3.052, -57.087 13.498 3.052, -57.161 13.497 3.052)))",LayeredConstr_id_0109
139,112,window,111,b7a50401-0cbf-4c4f-ae43-989d007fb9e4,True,[],"MULTIPOLYGON Z (((-58.656 13.47 3.768, -58.656 13.47 6.657, -60.396 13.44 6.657, -60.396 13.44 3.768, -58.656 13.47 3.768)))",LayeredConstr_id_0106
140,116,door,115,450f542e-935a-46b4-8f0d-6c355ece1817,True,[69],"MULTIPOLYGON Z (((-57.102 14.81 3.786, -57.102 14.81 5.862, -57.093 14.027 5.862, -57.093 14.027 3.786, -57.102 14.81 3.786)))",
141,120,room,0,7bbf508c-807e-47f0-bd38-5f80f6f82924,,[],,
142,121,party_wall,120,6fcaf2c1-d67c-4cbe-b960-ba3a508dab55,False,[45],"MULTIPOLYGON Z (((-51.518 16.451 3.052, -51.518 16.451 6.657, -53.428 16.426 6.657, -53.428 16.426 3.052, -51.518 16.451 3.052)))",LayeredConstr_id_0014
143,122,party_wall,120,890fdf75-89f5-416d-a809-7f8975690bef,False,[78],"MULTIPOLYGON Z (((-53.428 16.426 3.052, -53.428 16.426 6.657, -53.47 18.173 6.657, -53.47 18.173 3.052, -53.428 16.426 3.052)))",LayeredConstr_id_0013
144,123,party_wall,120,e44c71f4-d75f-4a3a-9a28-adfec9a9d4de,False,[151],"MULTIPOLYGON Z (((-53.47 18.173 3.052, -53.47 18.173 6.657, -51.564 18.196 6.657, -51.564 18.196 3.052, -53.47 18.173 3.052)))",LayeredConstr_id_0008
145,124,party_wall,120,c93b5c8a-983c-4e5d-a71b-1aa9bcba2110,False,[165],"MULTIPOLYGON Z (((-51.564 18.196 3.052, -51.564 18.196 6.657, -51.548 17.568 6.657, -51.548 17.568 3.052, -51.564 18.196 3.052)))",LayeredConstr_id_0010
146,125,party_wall,120,c41496e5-1621-4391-804a-602bad407129,False,[130],"MULTIPOLYGON Z (((-51.548 17.568 3.052, -51.548 17.568 6.657, -51.518 16.451 6.657, -51.518 16.451 3.052, -51.548 17.568 3.052)))",LayeredConstr_id_0010
147,127,ceiling,120,f379d9f5-5656-4c9a-a0cb-773828377d07,False,[],"MULTIPOLYGON Z (((-51.518 16.451 6.657, -51.548 17.568 6.657, -51.564 18.196 6.657, -53.47 18.173 6.657, -53.428 16.426 6.657, -51.518 16.451 6.657)))",LayeredConstr_id_0108
148,126,floor,120,797e9e4f-2f1d-4121-b7b8-9312820f3426,False,[],"MULTIPOLYGON Z (((-51.518 16.451 3.052, -53.428 16.426 3.052, -53.47 18.173 3.052, -51.564 18.196 3.052, -51.548 17.568 3.052, -51.518 16.451 3.052)))",LayeredConstr_id_0109
149,128,room,0,fa18b157-312b-4a00-8280-1893b351a05a,,[],,
150,129,party_wall,128,237efcec-ae47-4009-83fc-380711f232b6,False,[46],"MULTIPOLYGON Z (((-49.866 16.472 3.052, -49.866 16.472 6.657, -51.518 16.451 6.657, -51.518 16.451 3.052, -49.866 16.472 3.052)))",LayeredConstr_id_0014
151,130,party_wall,128,24106d99-6cad-4a13-969d-4a9e3f2f620b,False,[125],"MULTIPOLYGON Z (((-51.518 16.451 3.052, -51.518 16.451 6.657, -51.548 17.568 6.657, -51.548 17.568 3.052, -51.518 16.451 3.052)))",LayeredConstr_id_0010
152,131,party_wall,128,67e2490e-cc35-42f3-87d1-0bbd05e4ddd0,False,[169],"MULTIPOLYGON Z (((-51.548 17.568 3.052, -51.548 17.568 6.657, -49.879 17.584 6.657, -49.879 17.584 3.052, -51.548 17.568 3.052)))",LayeredConstr_id_0010
153,132,party_wall,128,1eccff37-6aae-451d-b893-bed8e9f5ab31,False,[137],"MULTIPOLYGON Z (((-49.879 17.584 3.052, -49.879 17.584 6.657, -49.866 16.472 6.657, -49.866 16.472 3.052, -49.879 17.584 3.052)))",LayeredConstr_id_0009
154,134,ceiling,128,8ee8dde8-3d8b-4038-bb60-97d638da47c0,False,[],"MULTIPOLYGON Z (((-49.866 16.472 6.657, -49.879 17.584 6.657, -51.548 17.568 6.657, -51.518 16.451 6.657, -49.866 16.472 6.657)))",LayeredConstr_id_0108
155,133,floor,128,f51f6b44-91bb-452e-8693-71756c613d76,False,[],"MULTIPOLYGON Z (((-49.866 16.472 3.052, -51.518 16.451 3.052, -51.548 17.568 3.052, -49.879 17.584 3.052, -49.866 16.472 3.052)))",LayeredConstr_id_0109
156,135,room,0,75d597e4-b884-447e-863b-b948ebd9df7d,,[],,
157,136,party_wall,135,e2fd04ed-e3c4-4d51-acc0-72bedbc125b6,False,[47],"MULTIPOLYGON Z (((-48.208 16.494 3.052, -48.208 16.494 6.657, -49.866 16.472 6.657, -49.866 16.472 3.052, -48.208 16.494 3.052)))",LayeredConstr_id_0014
158,137,party_wall,135,c089fdb2-281a-4420-9203-9e62fc2bcee0,False,[132],"MULTIPOLYGON Z (((-49.866 16.472 3.052, -49.866 16.472 6.657, -49.879 17.584 6.657, -49.879 17.584 3.052, -49.866 16.472 3.052)))",LayeredConstr_id_0009
159,138,party_wall,135,45dc6fdb-ed02-45e0-9a2e-3c29f892fffc,False,[168],"MULTIPOLYGON Z (((-49.879 17.584 3.052, -49.879 17.584 6.657, -49.892 18.724 6.657, -49.892 18.724 3.052, -49.879 17.584 3.052)))",LayeredConstr_id_0009
160,139,party_wall,135,6eab5bc8-e110-4954-8170-f6032b4a6670,False,[219],"MULTIPOLYGON Z (((-49.892 18.724 3.052, -49.892 18.724 6.657, -49.906 19.893 6.657, -49.906 19.893 3.052, -49.892 18.724 3.052)))",LayeredConstr_id_0009
161,140,party_wall,135,2d43add5-df57-49be-b3fb-ea78d200fe89,False,[158],"MULTIPOLYGON Z (((-49.906 19.893 3.052, -49.906 19.893 6.657, -49.474 19.9 6.657, -49.474 19.9 3.052, -49.906 19.893 3.052)))",LayeredConstr_id_0012
162,141,party_wall,135,532e9dd3-1c01-4922-ab16-d1964ad02460,False,[49],"MULTIPOLYGON Z (((-49.474 19.9 3.052, -49.474 19.9 6.657, -48.271 19.919 6.657, -48.271 19.919 3.052, -49.474 19.9 3.052)))",LayeredConstr_id_0012
163,142,party_wall,135,0b05e063-348c-4e5f-ab9a-fd469ec99233,False,[48],"MULTIPOLYGON Z (((-48.271 19.919 3.052, -48.271 19.919 6.657, -48.208 16.494 6.657, -48.208 16.494 3.052, -48.271 19.919 3.052)))",LayeredConstr_id_0012
164,144,ceiling,135,4e311d2d-0076-4370-9fdf-d57f8d1540fa,False,[],"MULTIPOLYGON Z (((-48.208 16.494 6.657, -48.271 19.919 6.657, -49.474 19.9 6.657, -49.906 19.893 6.657, -49.892 18.724 6.657, -49.879 17.584 6.657, -49.866 16.472 6.657, -48.208 16.494 6.657)))",LayeredConstr_id_0108
165,143,floor,135,8eb5aad0-fce5-4dcc-9ab6-169b76a4f0b4,False,[],"MULTIPOLYGON Z (((-48.208 16.494 3.052, -49.866 16.472 3.052, -49.879 17.584 3.052, -49.892 18.724 3.052, -49.906 19.893 3.052, -49.474 19.9 3.052, -48.271 19.919 3.052, -48.208 16.494 3.052)))",LayeredConstr_id_0109
166,145,room,0,aedbb2e5-e997-4b0e-b692-bd28b050233e,,[],,
167,146,party_wall,145,8bf0b8f0-f9dd-4204-993a-a71ce8c9566b,False,[77],"MULTIPOLYGON Z (((-53.47 18.173 6.657, -53.511 19.836 6.657, -53.511 19.836 3.052, -53.47 18.173 3.052, -53.47 18.173 6.657)))",LayeredConstr_id_0013
168,147,party_wall,145,8a64f779-f5ea-4d12-b500-fe520580d9aa,False,[160],"MULTIPOLYGON Z (((-53.511 19.836 6.657, -51.608 19.866 6.657, -51.608 19.866 3.052, -53.511 19.836 3.052, -53.511 19.836 6.657)))",LayeredConstr_id_0012
169,147,party_wall_with_hole,145,8a64f779-f5ea-4d12-b500-fe520580d9aa,True,[160],"MULTIPOLYGON Z (((-51.608 19.866 6.657, -51.608 19.866 3.052, -53.511 19.836 3.052, -53.511 19.836 6.657, -51.608 19.866 6.657), (-52.39399383818443 19.85360913549893 6.047, -52.39399383818443 19.85360913549893 3.694, -53.354991477811524 19.838459409177958 3.694, -53.354991477811524 19.838459409177958 6.047, -52.39399383818443 19.85360913549893 6.047)))",LayeredConstr_id_0012
170,149,party_wall,145,1235a2d2-27c7-422f-af0d-f084d2d89881,False,[217],"MULTIPOLYGON Z (((-51.608 19.866 3.052, -51.608 19.866 6.657, -51.577 18.699 6.657, -51.577 18.699 3.052, -51.608 19.866 3.052)))",LayeredConstr_id_0010
171,150,party_wall,145,3538631d-0c85-4d3f-a298-5864f4c81e47,False,[166],"MULTIPOLYGON Z (((-51.577 18.699 3.052, -51.577 18.699 6.657, -51.564 18.196 6.657, -51.564 18.196 3.052, -51.577 18.699 3.052)))",LayeredConstr_id_0010
172,151,party_wall,145,f9f42b2a-6980-4a68-86f2-ae0bb0092f27,False,[123],"MULTIPOLYGON Z (((-51.564 18.196 3.052, -51.564 18.196 6.657, -53.47 18.173 6.657, -53.47 18.173 3.052, -51.564 18.196 3.052)))",LayeredConstr_id_0008
173,153,ceiling,145,0ec54e2a-29ed-4a41-83b8-99626354ca33,False,[],"MULTIPOLYGON Z (((-53.47 18.173 6.657, -51.564 18.196 6.657, -51.577 18.699 6.657, -51.608 19.866 6.657, -53.511 19.836 6.657, -53.47 18.173 6.657)))",LayeredConstr_id_0108
174,152,floor,145,9e89b48c-132d-421e-a7c1-2a3cf96cba29,False,[],"MULTIPOLYGON Z (((-53.47 18.173 3.052, -53.511 19.836 3.052, -51.608 19.866 3.052, -51.577 18.699 3.052, -51.564 18.196 3.052, -53.47 18.173 3.052)))",LayeredConstr_id_0109
175,148,door,147,4b5f7366-8506-4557-8f4f-0f29dbadcee1,True,[161],"MULTIPOLYGON Z (((-52.394 19.854 3.694, -53.355 19.839 3.694, -53.355 19.839 6.047, -52.394 19.854 6.047, -52.394 19.854 3.694)))",
176,154,room,0,8793f5c0-8d5d-4f6e-8b8c-fa956b4df79e,,[],,
177,155,party_wall,154,8699a3e4-39c6-41fb-8317-57c560a0a50e,False,[76],"MULTIPOLYGON Z (((-53.511 19.836 3.052, -53.511 19.836 6.657, -53.567 22.172 6.657, -53.567 22.172 3.052, -53.511 19.836 3.052)))",LayeredConstr_id_0013
178,156,party_wall,154,5b1b3f7d-7716-47c1-b1c7-a91cf53b4151,False,[56],"MULTIPOLYGON Z (((-53.567 22.172 3.052, -53.567 22.172 6.657, -49.506 22.23 6.657, -49.506 22.23 3.052, -53.567 22.172 3.052)))",LayeredConstr_id_0014
179,157,party_wall,154,b9f5a9ad-790b-4d62-9f7a-9d7f816687fc,False,[50],"MULTIPOLYGON Z (((-49.506 22.23 3.052, -49.506 22.23 6.657, -49.474 19.9 6.657, -49.474 19.9 3.052, -49.506 22.23 3.052)))",LayeredConstr_id_0011
180,158,party_wall,154,ca3b8f20-9eec-4b57-bffb-2ec72ada9ddd,False,[140],"MULTIPOLYGON Z (((-49.474 19.9 3.052, -49.474 19.9 6.657, -49.906 19.893 6.657, -49.906 19.893 3.052, -49.474 19.9 3.052)))",LayeredConstr_id_0012
181,159,party_wall,154,a4650b9d-cf91-4075-be6c-f33eb6abc7fb,False,[218],"MULTIPOLYGON Z (((-49.906 19.893 3.052, -49.906 19.893 6.657, -51.608 19.866 6.657, -51.608 19.866 3.052, -49.906 19.893 3.052)))",LayeredConstr_id_0012
182,160,party_wall,154,d0140340-d336-47f6-9c25-0a9f838ab071,False,[147],"MULTIPOLYGON Z (((-51.608 19.866 6.657, -53.511 19.836 6.657, -53.511 19.836 3.052, -51.608 19.866 3.052, -51.608 19.866 6.657)))",LayeredConstr_id_0012
183,160,party_wall_with_hole,154,d0140340-d336-47f6-9c25-0a9f838ab071,True,[147],"MULTIPOLYGON Z (((-53.511 19.836 6.657, -51.608 19.866 6.657, -51.608 19.866 3.052, -53.511 19.836 3.052, -53.511 19.836 6.657), (-53.354991477811524 19.838459409177958 3.694, -53.354991477811524 19.838459409177958 6.047, -52.39399383818443 19.85360913549893 6.047, -52.39399383818443 19.85360913549893 3.694, -53.354991477811524 19.838459409177958 3.694)))",LayeredConstr_id_0012
184,163,ceiling,154,cc8ad739-abc1-4123-907e-c9139d70fe25,False,[],"MULTIPOLYGON Z (((-53.511 19.836 6.657, -51.608 19.866 6.657, -49.906 19.893 6.657, -49.474 19.9 6.657, -49.506 22.23 6.657, -53.567 22.172 6.657, -53.511 19.836 6.657)))",LayeredConstr_id_0108
185,162,floor,154,10b0812e-dae5-4b75-a154-9595130deb88,False,[],"MULTIPOLYGON Z (((-53.511 19.836 3.052, -53.567 22.172 3.052, -49.506 22.23 3.052, -49.474 19.9 3.052, -49.906 19.893 3.052, -51.608 19.866 3.052, -53.511 19.836 3.052)))",LayeredConstr_id_0109
186,161,door,160,c1a1b66b-886b-4e14-962c-56df728b2c58,True,[148],"MULTIPOLYGON Z (((-52.394 19.854 3.694, -52.394 19.854 6.047, -53.355 19.839 6.047, -53.355 19.839 3.694, -52.394 19.854 3.694)))",
187,164,room,0,356ef79c-52a4-49f9-b5db-567110af16f0,,[],,
188,165,party_wall,164,0e57d3ed-b279-4d9c-b245-bca5967e135e,False,[124],"MULTIPOLYGON Z (((-51.548 17.568 3.052, -51.548 17.568 6.657, -51.564 18.196 6.657, -51.564 18.196 3.052, -51.548 17.568 3.052)))",LayeredConstr_id_0010
189,166,party_wall,164,6dfdeb70-6ff6-429d-af02-7aea166a7310,False,[150],"MULTIPOLYGON Z (((-51.564 18.196 3.052, -51.564 18.196 6.657, -51.577 18.699 6.657, -51.577 18.699 3.052, -51.564 18.196 3.052)))",LayeredConstr_id_0010
190,167,party_wall,164,f1737f94-5730-4da0-a79b-70ea91f83a5b,False,[216],"MULTIPOLYGON Z (((-51.577 18.699 3.052, -51.577 18.699 6.657, -49.892 18.724 6.657, -49.892 18.724 3.052, -51.577 18.699 3.052)))",LayeredConstr_id_0010
191,168,party_wall,164,7eda03d2-8fac-4b80-9965-25ff7ad0693a,False,[138],"MULTIPOLYGON Z (((-49.892 18.724 3.052, -49.892 18.724 6.657, -49.879 17.584 6.657, -49.879 17.584 3.052, -49.892 18.724 3.052)))",LayeredConstr_id_0009
192,169,party_wall,164,f56b4ddb-a625-4626-a6de-4227fae5d669,False,[131],"MULTIPOLYGON Z (((-49.879 17.584 3.052, -49.879 17.584 6.657, -51.548 17.568 6.657, -51.548 17.568 3.052, -49.879 17.584 3.052)))",LayeredConstr_id_0010
193,171,ceiling,164,b2adf843-a5c4-4033-a66d-452f9833a17b,False,[],"MULTIPOLYGON Z (((-51.548 17.568 6.657, -49.879 17.584 6.657, -49.892 18.724 6.657, -51.577 18.699 6.657, -51.564 18.196 6.657, -51.548 17.568 6.657)))",LayeredConstr_id_0108
194,170,floor,164,0e398856-6e04-4270-a287-573c19e6c518,False,[],"MULTIPOLYGON Z (((-51.548 17.568 3.052, -51.564 18.196 3.052, -51.577 18.699 3.052, -49.892 18.724 3.052, -49.879 17.584 3.052, -51.548 17.568 3.052)))",LayeredConstr_id_0109
195,172,room,0,530d6791-5810-44b1-99a0-7252502e0133,,[],,
196,173,party_wall,172,ad4fce0a-ed24-472f-8a09-89e88fe437ea,False,[29],"MULTIPOLYGON Z (((-36.994 20.076 3.052, -36.994 20.076 6.657, -35.127 20.106 6.657, -35.127 20.106 3.052, -36.994 20.076 3.052)))",LayeredConstr_id_0012
197,174,party_wall,172,ffe1425a-106c-441e-84af-abe43b1e4187,False,[186],"MULTIPOLYGON Z (((-35.127 20.106 3.052, -35.127 20.106 6.657, -35.122 18.987 6.657, -35.122 18.987 3.052, -35.127 20.106 3.052)))",LayeredConstr_id_0008
198,175,party_wall,172,0cb0edb5-0cbe-4c21-a064-7b93da55e7b3,False,[199],"MULTIPOLYGON Z (((-35.122 18.987 3.052, -35.122 18.987 6.657, -35.625 18.975 6.657, -35.625 18.975 3.052, -35.122 18.987 3.052)))",LayeredConstr_id_0008
199,176,party_wall,172,f8c7450a-1788-41bd-b512-eeb26ed57e8e,False,[204],"MULTIPOLYGON Z (((-35.625 18.975 6.657, -35.589 16.664 6.657, -35.589 16.664 3.052, -35.625 18.975 3.052, -35.625 18.975 6.657)))",LayeredConstr_id_0008
200,176,party_wall_with_hole,172,f8c7450a-1788-41bd-b512-eeb26ed57e8e,True,[204],"MULTIPOLYGON Z (((-35.589 16.664 6.657, -35.589 16.664 3.052, -35.625 18.975 3.052, -35.625 18.975 6.657, -35.589 16.664 6.657), (-35.6078801675472 17.876001866710645 6.649, -35.6078801675472 17.876001866710645 3.727, -35.62356695925902 18.883006745766625 3.727, -35.62356695925902 18.883006745766625 6.649, -35.6078801675472 17.876001866710645 6.649)))",LayeredConstr_id_0008
201,178,party_wall,172,060a4193-4ffa-4aff-99f4-aa8620a2446c,False,[31],"MULTIPOLYGON Z (((-35.589 16.664 3.052, -35.589 16.664 6.657, -36.957 16.644 6.657, -36.957 16.644 3.052, -35.589 16.664 3.052)))",LayeredConstr_id_0012
202,179,party_wall,172,cf0c10fa-254e-4e2f-842e-fa709b9e10fc,False,[30],"MULTIPOLYGON Z (((-36.957 16.644 3.052, -36.957 16.644 6.657, -36.994 20.076 6.657, -36.994 20.076 3.052, -36.957 16.644 3.052)))",LayeredConstr_id_0012
203,181,ceiling,172,a04ee578-b4cc-445e-93a7-c69848514049,False,[],"MULTIPOLYGON Z (((-36.994 20.076 6.657, -36.957 16.644 6.657, -35.589 16.664 6.657, -35.625 18.975 6.657, -35.122 18.987 6.657, -35.127 20.106 6.657, -36.994 20.076 6.657)))",LayeredConstr_id_0108
204,180,floor,172,74977ff0-136e-4a48-b0ca-4b47b14606d9,False,[],"MULTIPOLYGON Z (((-36.994 20.076 3.052, -35.127 20.106 3.052, -35.122 18.987 3.052, -35.625 18.975 3.052, -35.589 16.664 3.052, -36.957 16.644 3.052, -36.994 20.076 3.052)))",LayeredConstr_id_0109
205,177,door,176,892ada9b-b55b-404e-a896-6c2795a811d4,True,[205],"MULTIPOLYGON Z (((-35.608 17.876 3.727, -35.624 18.883 3.727, -35.624 18.883 6.649, -35.608 17.876 6.649, -35.608 17.876 3.727)))",
206,182,room,0,d7b6aaa5-0b41-4cee-8bbe-023e90348ed5,,[],,
207,183,party_wall,182,35a99475-1555-4d56-bc5b-88a32bc0427f,False,[28],"MULTIPOLYGON Z (((-35.127 20.106 3.052, -35.127 20.106 6.657, -33.68 20.129 6.657, -33.68 20.129 3.052, -35.127 20.106 3.052)))",LayeredConstr_id_0012
208,184,party_wall,182,2cae8376-ce64-4461-a642-5981968dcc12,False,[195],"MULTIPOLYGON Z (((-33.68 20.129 3.052, -33.68 20.129 6.657, -33.66 19.021 6.657, -33.66 19.021 3.052, -33.68 20.129 3.052)))",LayeredConstr_id_0010
209,185,party_wall,182,e8662c1d-b400-444d-8e3a-6eb6156ad0f2,False,[200],"MULTIPOLYGON Z (((-33.66 19.021 3.052, -33.66 19.021 6.657, -35.122 18.987 6.657, -35.122 18.987 3.052, -33.66 19.021 3.052)))",LayeredConstr_id_0008
210,186,party_wall,182,a5c94e04-4dcc-4334-a4e5-48ea60fc88af,False,[174],"MULTIPOLYGON Z (((-35.122 18.987 3.052, -35.122 18.987 6.657, -35.127 20.106 6.657, -35.127 20.106 3.052, -35.122 18.987 3.052)))",LayeredConstr_id_0008
211,188,ceiling,182,2b8ad21b-d74c-4702-af87-f6af512aa22b,False,[],"MULTIPOLYGON Z (((-35.127 20.106 6.657, -35.122 18.987 6.657, -33.66 19.021 6.657, -33.68 20.129 6.657, -35.127 20.106 6.657)))",LayeredConstr_id_0108
212,187,floor,182,4509fd4f-e37b-4d90-b14e-73f2efe4fd72,False,[],"MULTIPOLYGON Z (((-35.127 20.106 3.052, -33.68 20.129 3.052, -33.66 19.021 3.052, -35.122 18.987 3.052, -35.127 20.106 3.052)))",LayeredConstr_id_0109
213,189,room,0,af7cc0e7-b116-4346-a9f9-87bbf0c708be,,[],,
214,190,party_wall,189,eb303db1-2ae1-4349-9d50-902681ac7576,False,[26],"MULTIPOLYGON Z (((-33.68 20.129 6.657, -31.725 20.16 6.657, -31.725 20.16 3.052, -33.68 20.129 3.052, -33.68 20.129 6.657)))",LayeredConstr_id_0012
215,190,party_wall_with_hole,189,eb303db1-2ae1-4349-9d50-902681ac7576,True,[26],"MULTIPOLYGON Z (((-31.725 20.16 6.657, -33.68 20.129 6.657, -33.68 20.129 3.052, -31.725 20.16 3.052, -31.725 20.16 6.657), (-31.925997032162815 20.15681283478412 5.823, -32.79000178394585 20.143112503681678 5.823, -32.79000178394585 20.143112503681678 3.081, -31.925997032162815 20.15681283478412 3.081, -31.925997032162815 20.15681283478412 5.823)))",LayeredConstr_id_0012
216,192,external,189,9812ecfc-2149-4f60-9430-2f4f05da6f4e,False,[],"MULTIPOLYGON Z (((-31.725 20.16 6.657, -31.706 18.482 6.657, -31.706 18.482 3.052, -31.725 20.16 3.052, -31.725 20.16 6.657)))",LayeredConstr_id_0112
217,193,party_wall,189,8919303f-9436-4dc9-850b-344033c60684,False,[210],"MULTIPOLYGON Z (((-31.706 18.482 3.052, -31.706 18.482 6.657, -33.649 18.468 6.657, -33.649 18.468 3.052, -31.706 18.482 3.052)))",LayeredConstr_id_0008
218,194,party_wall,189,561b6b7f-2d37-4992-b3f7-ef4298f73311,False,[201],"MULTIPOLYGON Z (((-33.649 18.468 3.052, -33.649 18.468 6.657, -33.66 19.021 6.657, -33.66 19.021 3.052, -33.649 18.468 3.052)))",LayeredConstr_id_0010
219,195,party_wall,189,b7b28abb-0ee6-4073-babe-2889f728e950,False,[184],"MULTIPOLYGON Z (((-33.66 19.021 3.052, -33.66 19.021 6.657, -33.68 20.129 6.657, -33.68 20.129 3.052, -33.66 19.021 3.052)))",LayeredConstr_id_0010
220,197,ceiling,189,2d6d3ffe-b3b6-420f-9b32-47a76361f305,False,[],"MULTIPOLYGON Z (((-33.68 20.129 6.657, -33.66 19.021 6.657, -33.649 18.468 6.657, -31.706 18.482 6.657, -31.725 20.16 6.657, -33.68 20.129 6.657)))",LayeredConstr_id_0108
221,196,floor,189,52f554d8-cadf-47b2-89c3-1a7d44057abd,False,[],"MULTIPOLYGON Z (((-33.68 20.129 3.052, -31.725 20.16 3.052, -31.706 18.482 3.052, -33.649 18.468 3.052, -33.66 19.021 3.052, -33.68 20.129 3.052)))",LayeredConstr_id_0109
222,191,door,190,6c26aced-0493-4513-b9f5-7248a8a8049c,True,[27],"MULTIPOLYGON Z (((-31.926 20.157 3.081, -32.79 20.143 3.081, -32.79 20.143 5.823, -31.926 20.157 5.823, -31.926 20.157 3.081)))",
223,198,room,0,4efd6b0c-dcbb-4720-8160-8cb5816a9df2,,[],,
224,199,party_wall,198,5577a8a3-53ea-494f-888c-b01d8dfc1e4a,False,[175],"MULTIPOLYGON Z (((-35.625 18.975 3.052, -35.625 18.975 6.657, -35.122 18.987 6.657, -35.122 18.987 3.052, -35.625 18.975 3.052)))",LayeredConstr_id_0008
225,200,party_wall,198,0b01ee1e-71fa-4dcb-8c2d-7a378ef7b9b1,False,[185],"MULTIPOLYGON Z (((-35.122 18.987 3.052, -35.122 18.987 6.657, -33.66 19.021 6.657, -33.66 19.021 3.052, -35.122 18.987 3.052)))",LayeredConstr_id_0008
226,201,party_wall,198,0335dd81-13ef-41d2-b170-424844637443,False,[194],"MULTIPOLYGON Z (((-33.66 19.021 3.052, -33.66 19.021 6.657, -33.649 18.468 6.657, -33.649 18.468 3.052, -33.66 19.021 3.052)))",LayeredConstr_id_0010
227,202,party_wall,198,4da0e6fb-9377-4dbd-8fc0-2db1242950c4,False,[209],"MULTIPOLYGON Z (((-33.649 18.468 3.052, -33.649 18.468 6.657, -33.617 16.692 6.657, -33.617 16.692 3.052, -33.649 18.468 3.052)))",LayeredConstr_id_0010
228,203,party_wall,198,49e816b5-1288-46f8-8a10-a8ee01ae44f0,False,[32],"MULTIPOLYGON Z (((-33.617 16.692 3.052, -33.617 16.692 6.657, -35.589 16.664 6.657, -35.589 16.664 3.052, -33.617 16.692 3.052)))",LayeredConstr_id_0012
229,204,party_wall,198,28291392-e5da-40fe-ade2-49e27e6ad486,False,[176],"MULTIPOLYGON Z (((-35.589 16.664 6.657, -35.625 18.975 6.657, -35.625 18.975 3.052, -35.589 16.664 3.052, -35.589 16.664 6.657)))",LayeredConstr_id_0008
230,204,party_wall_with_hole,198,28291392-e5da-40fe-ade2-49e27e6ad486,True,[176],"MULTIPOLYGON Z (((-35.625 18.975 6.657, -35.625 18.975 3.052, -35.589 16.664 3.052, -35.589 16.664 6.657, -35.625 18.975 6.657), (-35.62356695925902 18.883006745766625 3.727, -35.6078801675472 17.876001866710645 3.727, -35.6078801675472 17.876001866710645 6.649, -35.62356695925902 18.883006745766625 6.649, -35.62356695925902 18.883006745766625 3.727)))",LayeredConstr_id_0008
231,207,ceiling,198,1a582f1e-0bed-426a-b3f5-38be5b010705,False,[],"MULTIPOLYGON Z (((-35.625 18.975 6.657, -35.589 16.664 6.657, -33.617 16.692 6.657, -33.649 18.468 6.657, -33.66 19.021 6.657, -35.122 18.987 6.657, -35.625 18.975 6.657)))",LayeredConstr_id_0108
232,206,floor,198,8214cf63-0741-4158-9fe4-d8ab12e12d0b,False,[],"MULTIPOLYGON Z (((-35.625 18.975 3.052, -35.122 18.987 3.052, -33.66 19.021 3.052, -33.649 18.468 3.052, -33.617 16.692 3.052, -35.589 16.664 3.052, -35.625 18.975 3.052)))",LayeredConstr_id_0109
233,205,door,204,addbf21d-a6e4-4ecc-90d5-80d35530994a,True,[177],"MULTIPOLYGON Z (((-35.608 17.876 3.727, -35.608 17.876 6.649, -35.624 18.883 6.649, -35.624 18.883 3.727, -35.608 17.876 3.727)))",
234,208,room,0,711f10ba-190a-4d62-900a-8870805c1908,,[],,
235,209,party_wall,208,c9c8d43a-6b95-4cc9-ac19-6562503501a4,False,[202],"MULTIPOLYGON Z (((-33.617 16.692 3.052, -33.617 16.692 6.657, -33.649 18.468 6.657, -33.649 18.468 3.052, -33.617 16.692 3.052)))",LayeredConstr_id_0010
236,210,party_wall,208,66d862b2-bf96-4a6e-b086-b50565eebce8,False,[193],"MULTIPOLYGON Z (((-33.649 18.468 3.052, -33.649 18.468 6.657, -31.706 18.482 6.657, -31.706 18.482 3.052, -33.649 18.468 3.052)))",LayeredConstr_id_0008
237,211,external,208,90fee619-7962-44a6-a926-3367ce4ae1f6,False,[],"MULTIPOLYGON Z (((-31.706 18.482 3.052, -31.706 18.482 6.657, -31.686 16.72 6.657, -31.686 16.72 3.052, -31.706 18.482 3.052)))",LayeredConstr_id_0112
238,212,party_wall,208,46c84c72-8369-4201-b0b2-007858217e6b,False,[33],"MULTIPOLYGON Z (((-31.686 16.72 3.052, -31.686 16.72 6.657, -33.617 16.692 6.657, -33.617 16.692 3.052, -31.686 16.72 3.052)))",LayeredConstr_id_0012
239,214,ceiling,208,aceaea8e-5b7e-44e2-b9f3-92f0ea8a9361,False,[],"MULTIPOLYGON Z (((-33.617 16.692 6.657, -31.686 16.72 6.657, -31.706 18.482 6.657, -33.649 18.468 6.657, -33.617 16.692 6.657)))",LayeredConstr_id_0108
240,213,floor,208,5148ed61-a6c7-47a4-abfa-c0dbf6871bdd,False,[],"MULTIPOLYGON Z (((-33.617 16.692 3.052, -33.649 18.468 3.052, -31.706 18.482 3.052, -31.686 16.72 3.052, -33.617 16.692 3.052)))",LayeredConstr_id_0109
241,215,room,0,446d7e2e-7869-48cc-be3e-fee61882cee3,,[],,
242,216,party_wall,215,b0dfedc1-3d5d-4b77-9e46-1bfca53589c1,False,[167],"MULTIPOLYGON Z (((-49.892 18.724 3.052, -49.892 18.724 6.657, -51.577 18.699 6.657, -51.577 18.699 3.052, -49.892 18.724 3.052)))",LayeredConstr_id_0010
243,217,party_wall,215,1329faf5-4a1e-45f8-a671-6b9726e107cb,False,[149],"MULTIPOLYGON Z (((-51.577 18.699 3.052, -51.577 18.699 6.657, -51.608 19.866 6.657, -51.608 19.866 3.052, -51.577 18.699 3.052)))",LayeredConstr_id_0010
244,218,party_wall,215,c1b12027-7b18-4e0e-9e2a-e19be253d696,False,[159],"MULTIPOLYGON Z (((-51.608 19.866 3.052, -51.608 19.866 6.657, -49.906 19.893 6.657, -49.906 19.893 3.052, -51.608 19.866 3.052)))",LayeredConstr_id_0012
245,219,party_wall,215,e4dd1a46-e5f4-4df2-bf43-59619cd0b7c2,False,[139],"MULTIPOLYGON Z (((-49.906 19.893 3.052, -49.906 19.893 6.657, -49.892 18.724 6.657, -49.892 18.724 3.052, -49.906 19.893 3.052)))",LayeredConstr_id_0009
246,221,ceiling,215,ec95f706-8c04-4d57-aca3-496a06b73e46,False,[],"MULTIPOLYGON Z (((-49.892 18.724 6.657, -49.906 19.893 6.657, -51.608 19.866 6.657, -51.577 18.699 6.657, -49.892 18.724 6.657)))",LayeredConstr_id_0108
247,220,floor,215,90abd6fb-7133-4dbe-9992-e080f0bd36cd,False,[],"MULTIPOLYGON Z (((-49.892 18.724 3.052, -51.577 18.699 3.052, -51.608 19.866 3.052, -49.906 19.893 3.052, -49.892 18.724 3.052)))",LayeredConstr_id_0109
248,222,closure,20,155a7e35-158c-49c0-8177-8117aa45268c,False,[25],"MULTIPOLYGON Z (((-31.4923713726377 22.48750612821166 3.052, -31.714901037130858 20.15926043875734 3.052, -31.714901037130858 20.15926043875734 6.657, -31.4923713726377 22.48750612821166 6.657, -31.4923713726377 22.48750612821166 3.052)))",0
249,223,closure,65,84ffd1ad-76a5-4116-abbd-f0b3a9efc3a4,False,[67],"MULTIPOLYGON Z (((-57.08710118172747 13.508253134136622 3.052, -55.571928230711265 13.508154896233757 3.052, -55.571928230711265 13.508154896233757 6.657, -57.08710118172747 13.508253134136622 6.657, -57.08710118172747 13.508253134136622 3.052)))",0
250,224,closure,20,e4e215fb-e850-4f2c-88d1-ae563403190b,False,[34],"MULTIPOLYGON Z (((-31.42894749674336 14.433798243787257 3.052, -31.69593919258116 16.718765025547047 3.052, -31.69593919258116 16.718765025547047 6.657, -31.42894749674336 14.433798243787257 6.657, -31.42894749674336 14.433798243787257 3.052)))",0
